<?xml version="1.0"?>
<data grt_format="2.0">
  <value _ptr_="00000211DC515DA0" type="list" content-type="object" content-struct-name="db.mgmt.Connection">
    <value type="object" struct-name="db.mgmt.Connection" id="{4305F284-3A79-46FB-A4CB-DC7ABF96DAE1}" struct-checksum="0x96ba47d8">
      <link type="object" struct-name="db.mgmt.Driver" key="driver">com.mysql.rdbms.mysql.driver.native</link>
      <value type="string" key="hostIdentifier">Mysql@localhost:3306</value>
      <value type="int" key="isDefault">0</value>
      <value _ptr_="00000211E26EA510" type="dict" key="modules"/>
      <value _ptr_="00000211E26E9790" type="dict" key="parameterValues">
        <value type="string" key="hostName">localhost</value>
        <value type="int" key="port">3306</value>
        <value type="string" key="userName">root</value>
      </value>
      <value type="string" key="name">Local instance wampmysqld64</value>
      <link type="object" struct-name="GrtObject" key="owner">{FFAD1C04-7A5E-4D77-BEB5-5FBC400B02C2}</link>
    </value>
    <value type="object" struct-name="db.mgmt.Connection" id="{61F17466-0A04-46A1-82E3-14549C89584B}" struct-checksum="0x96ba47d8">
      <link type="object" struct-name="db.mgmt.Driver" key="driver">com.mysql.rdbms.mysql.driver.native</link>
      <value type="string" key="hostIdentifier">Mysql@127.0.0.1:3306</value>
      <value type="int" key="isDefault">0</value>
      <value _ptr_="00000211E26EA750" type="dict" key="modules"/>
      <value _ptr_="00000211E26E97F0" type="dict" key="parameterValues">
        <value type="string" key="SQL_MODE"></value>
        <value type="string" key="hostName">127.0.0.1</value>
        <value type="int" key="lastConnected">1522321669</value>
        <value type="string" key="password"></value>
        <value type="int" key="port">3306</value>
        <value type="string" key="schema"></value>
        <value type="string" key="serverVersion">5.7.19</value>
        <value type="string" key="sslCA"></value>
        <value type="string" key="sslCert"></value>
        <value type="string" key="sslCipher"></value>
        <value type="string" key="sslKey"></value>
        <value type="int" key="useSSL">1</value>
        <value type="string" key="userName">cmr</value>
      </value>
      <value type="string" key="name">CMR</value>
      <link type="object" struct-name="GrtObject" key="owner">{FFAD1C04-7A5E-4D77-BEB5-5FBC400B02C2}</link>
    </value>
  </value>
</data>
