use  cmr;
alter table medicine modify column medicine_img varchar(255);
alter table disease modify column infectiousness nvarchar(25);
alter table medicine add medicine_type nvarchar(25);
alter table prescription add prescription_type nvarchar(25);
alter table doctor change doctor_birthplace birthday nvarchar(100);
alter table doctor modify doctor_sex nvarchar(25);
alter table hospital modify column establish_time nvarchar(25);
alter table hospital modify column hospital_grade nvarchar(25);
alter table book modify column background varchar(255);
alter table book_chapter modify column chapter_number nvarchar(25);
alter table book_article modify column article_content nvarchar(7000);
alter table diet modify column diet_img varchar(255);
alter table tea modify column tea_id varchar(36);
select uuid();
/*药物分类表*/
insert into medicine_sort values('273b8ae3-f413-11e7-8d2b-10604b5b84ce','解表药');
insert into medicine_sort values('273edca3-f413-11e7-8d2b-10604b5b84ce','清热药');
insert into medicine_sort values('273f6cdd-f413-11e7-8d2b-10604b5b84ce','温里药');
insert into medicine_sort values('2741026a-f413-11e7-8d2b-10604b5b84ce','活血化瘀药');
insert into medicine_sort values('274156fe-f413-11e7-8d2b-10604b5b84ce','理气药');
insert into medicine_sort values('2741a35d-f413-11e7-8d2b-10604b5b84ce','消食药');
insert into medicine_sort values('2741ee0b-f413-11e7-8d2b-10604b5b84ce','止血药');
insert into medicine_sort values('2742382c-f413-11e7-8d2b-10604b5b84ce','平肝息风药');
insert into medicine_sort values('27427da7-f413-11e7-8d2b-10604b5b84ce','安神药');
insert into medicine_sort values('2742bffe-f413-11e7-8d2b-10604b5b84ce','开窍药');
insert into medicine_sort values('27430374-f413-11e7-8d2b-10604b5b84ce','补虚药');
insert into medicine_sort values('27434819-f413-11e7-8d2b-10604b5b84ce','芳香化湿药');
insert into medicine_sort values('27438c53-f413-11e7-8d2b-10604b5b84ce','泻下药');
insert into medicine_sort values('2743cf70-f413-11e7-8d2b-10604b5b84ce','驱虫药');
insert into medicine_sort values('2744127d-f413-11e7-8d2b-10604b5b84ce','收涩药');
insert into medicine_sort values('a0e21f64-f414-11e7-8d2b-10604b5b84ce','利水渗湿药');
insert into medicine_sort values('274499f2-f413-11e7-8d2b-10604b5b84ce','祛风湿药');
insert into medicine_sort values('2744ddd2-f413-11e7-8d2b-10604b5b84ce','化痰止咳平喘');
insert into medicine_sort values('27453374-f413-11e7-8d2b-10604b5b84ce','涌吐药');
insert into medicine_sort values('274576a1-f413-11e7-8d2b-10604b5b84ce','其他');
/*药物表*/
INSERT INTO medicine VALUES('52ccf8f3-f41a-11e7-8d2b-10604b5b84ce','薄荷','蕃荷菜、苏薄荷叶','C:\projects\wechatCMFStandard\app\Resources\views\image','为唇形科植物薄荷或家薄荷的全草或叶。大部分产区每年收割2次，第1次（头刀）在小暑至大暑间。第2次（二刀）于寒露至霜降间，割取全草，晒干。广东，广西温暖地区1年可收割3次。','《雷公炮炙论》','全国大部分地区均产，主产江苏、浙江、江西。','①薄荷  多年生草本，高10～80厘米。茎方形，被逆生的长柔毛及腺点。单叶对生；叶柄长2～15毫米，密被白色短柔毛；叶片长卵形至椭圆状披针形，长3～7厘米，先端锐尖，基部阔楔形，边缘具细尖锯齿，密生缘毛，上面被白色短柔毛，下面被柔毛及腺点。轮伞花序腋生；苞片1，线状披针形，边缘具细锯齿及微柔毛；花萼钟状，5裂，裂片近三角形，具明显的5条纵脉，外面密生白色柔毛及腺点；花冠二唇形，紫色或淡红色，有时为白色，长3～5毫米，上唇1片，长圆形，先端微凹，下唇3裂片，较小，全缘，花冠外面光滑或上面裂片被毛，内侧喉部被一圈细柔毛；雄蕊4，花药黄色，花丝丝状，着生于花冠筒中部，伸出花冠筒外；子房4深裂，花柱伸出花冠筒外，柱头2歧。小坚果长1毫米，藏于宿萼内。花期8～10月。果期9～11月。生于小溪沟边、路旁及山野湿地，或为栽培。分布华北、华东、华南、华中及西南各地。②家薄荷  与上种相似。叶卵形至长圆形，长2～5厘米，两面均有腺点。萼裂片窄三角形，有缘毛。花冠淡紫色或白色。小坚果长0.7毫米。全国各地多有栽培。此外，安薄荷（东北），以及江苏（苏州、太仓）栽培的龙脑薄荷（《本草衍义》）等，亦同供药用。','宣散风热，清头目，透疹。用于风热感冒，温病初起，头痛，目赤，喉痹，口疮，风疹，麻疹，胸胁涨闷。','辛，凉。','①清上化痰，利咽膈，治风热：薄荷末炼蜜丸，如芡子大，每噙一丸。白沙糖和之亦可。（《简便单方》）②治眼弦赤烂：薄荷，以生姜汁浸一宿，晒干为末，每用一钱，沸汤泡洗。（《明目经验方》）','273b8ae3-f413-11e7-8d2b-10604b5b84ce','解表药');
INSERT INTO medicine VALUES('52cee8a4-f41a-11e7-8d2b-10604b5b84ce','金银花','忍冬花、银花、鹭鸶花、苏花、金藤花、金花、双花、双苞花等。','C:\projects\wechatCMFStandard\app\Resources\views\image','为忍冬科植物忍冬的花蕾。5～6月间，在晴天清晨露水刚干时摘取花蕾，摊席上晾晒或阴干，并注意翻动，否则容易变黑。忌在烈日下曝晒。宜保存于高燥通风处，防止生虫、变色。','《履巉岩本草》','我国大部地区均产，而以山东产量最大，河南产的质量较佳。','缠绕半灌木，常绿。幼枝密被柔毛和腺毛，老枝棕褐色，呈条状剥离，中空。叶对生，卵形至长卵形，长3～8cm，宽1.5～4cm，初时两面有毛，后则上面无毛。花成对腋生，花梗及花均有短柔毛；花冠初开时白色，后变黄色，外被柔行和腺毛，花冠筒细长；雄蕊5，伸出花冠外；子房下位。浆果球形，熟时黑色。花期4～6月，果期7～10月。 ','清热解毒，凉散风热。用于痈肿疔疮、喉痹、丹毒、热血毒痢、风热感冒、温病发热。 ','甘，寒。','①预防乙脑、流脑：金银花、连翘。大青根、芦根、甘草各15g。水煎代茶饮，每日一剂，连服三至五天。（《江西草药》）','273edca3-f413-11e7-8d2b-10604b5b84ce','清热药');
INSERT INTO medicine VALUES('52cf71c9-f41a-11e7-8d2b-10604b5b84ce','川芎','芎藭、小叶川芎。','C:\projects\wechatCMFStandard\app\Resources\views\image','本品为伞形科植物川芎的干燥根茎。夏季当茎上的节盘显著突出，并略带紫色时采挖，除去泥沙，晒后炕干，再去须根。','《全国中草药汇编》',null,'多年生草本，高30～60厘米，根状茎呈不规则的结节状拳形，结节顶端有茎基团块，外皮黄褐色，有香气。茎常数个丛生，直立，上部分枝，节间中空，下部节明显膨大成根状，易生根。叶互生，二至三回羽状复叶。夏季开花，复伞形花序顶生，双悬果卵圆形，5棱，有窄翅，背棱中有油管1个，侧棱中有2个，结合面有4个。','活血行气，祛风止痛。用于月经不调，经闭痛经，癥瘕腹痛，胸胁刺痛，跌扑肿痛，头痛，风湿痹痛。','辛，温。','①治偏头疼：京芎细锉，酒浸服之。（《斗门方》）②治产后血晕：当归一两，川芎五钱，荆芥穗（炒黑）二钱。水煎服。（《奇方类编》)','2741026a-f413-11e7-8d2b-10604b5b84ce','活血化瘀药');
INSERT INTO medicine VALUES('52d0fe4a-f41a-11e7-8d2b-10604b5b84ce','巴豆','双眼龙、大叶双眼龙、江子、猛子树、八百力、芒子','C:\projects\wechatCMFStandard\app\Resources\views\image','本品为大戟科植物巴豆的干燥成熟果实，根及叶亦供药用。秋季果实成熟时采收，堆置2～3天，摊开，干燥。根、叶全年可采，根切片，叶晒干备用。','《中国药典》','生于村边、旷野、溪旁、林缘。主产四川、云南、广西、贵州、湖北。 ','常绿小乔木。树皮深灰色，平滑，幼枝绿色，疏生星状毛。叶互生，卵形或长圆状卵形，长5～12cm，宽3～7cm,先端长尖，边缘有细齿，近基部有2腺体，两面疏生星状毛基出3脉。花小，单性同株；总状花序顶生，雄花在上，雌花在下；雄花绿色，花萼5深裂，花瓣5，反卷，雄蕊15～20；雌花无花瓣，子房圆形，花柱3，顶端2叉蒴果卵形，长约2cm，有3钝棱，密生星状毛。种子3粒。花期3～5月，果期7～9月。 ','外用蚀疮。用于恶疮疥癣、疣痣。','性热，味辛；有大毒。',null,'27438c53-f413-11e7-8d2b-10604b5b84ce','泻下药');
INSERT INTO medicine VALUES('52d15932-f41a-11e7-8d2b-10604b5b84ce','酸枣仁','山枣、酸枣子、别大枣、刺枣。','C:\projects\wechatCMFStandard\app\Resources\views\image','为鼠李科植物酸枣的种子。','《雷公炮炙论》','生于向阳或干燥山坡、平原、路旁。主产河北、陕西、河南、辽宁。 ','落叶灌木或小乔木，高1～3m，枝节上有直的和弯曲的刺。叶互生，长椭圆形至蔟状披针形，长2～3.5cm，宽6～12mm，先端钝，边缘有细锯齿，基出三脉。花黄绿色，常2～3朵簇生于叶腋；萼征、花瓣及雄蕊均为5出数；子房上位，2室，埋于花盘中，柱头2裂。核果小，长圆形或近圆形，暗红色，味酸，果核两端常为钝头。花期4～5月，果期9月。 ','养心，安神，敛汗。用于神经衰弱、失眠、多梦、盗汗。','性平，味甘、酸。',null,'27427da7-f413-11e7-8d2b-10604b5b84ce','安神药');
INSERT INTO medicine VALUES('52d1b0a8-f41a-11e7-8d2b-10604b5b84ce','桂枝','柳桂、嫩桂枝、桂枝尖','C:\projects\wechatCMFStandard\app\Resources\views\image','为樟科植物肉桂的嫩枝。8～7月间剪取嫩枝，截成长约15或30～100厘米的小段，晒干。','《唐本草》','主产广东、广西等地。','干燥的嫩枝，呈圆柱形，长15～100厘米，直径0.8～1厘米，外表棕红色或紫褐色。表面有枝痕、叶痕、芽痕，并有纵棱线、纵纹及横纹。质硬而脆，易折断，断面不平坦。外有棕红色边，中心色较深。粗枝断面呈黄白色。气清香，味甜微辛。以幼嫩、棕红色、气香者为佳。','发汗解肌，温经通脉。治风寒表证，肩背肢节酸疼，胸痹痰饮，经闭癥瘕。','辛甘，温。',null,'273b8ae3-f413-11e7-8d2b-10604b5b84ce','解表药');
INSERT INTO medicine VALUES('52d1fbf0-f41a-11e7-8d2b-10604b5b84ce','甘草','甜草根、密草。','C:\projects\wechatCMFStandard\app\Resources\views\image','为豆科植物甘草的根及根茎。 ',null,'生于向阳干燥的钙质草原及河岸砂质土处；有栽培。主产内蒙古、甘肃。','多年生草本，高30～100cm，全株被白色短毛或腺毛。茎直立，稍带木质，小枝有棱角。羽状复叶互生，小叶7～17，卵形或宽卵形。总状花序腋生，花密集；花萼钟形，5裂；花冠蝶形，紫红色或蓝紫色。荚果褐色，弯曲成镰刀状。花期6～7月，果期7～9月。','补脾益气，清热解毒，祛痰止咳，调和诸药。用于脾胃虚弱，倦怠乏力，心悸气短，咳嗽痰多，缓解药物毒性。','性平，味甘。',null,'27430374-f413-11e7-8d2b-10604b5b84ce','补虚药');
INSERT INTO medicine VALUES('52d24bf7-f41a-11e7-8d2b-10604b5b84ce','生姜','生姜、干姜、姜皮','C:\projects\wechatCMFStandard\app\Resources\views\image',null,null,null,'多年生宿根草本。根茎肉质，肥厚，扁平，有芳香和辛辣味。叶子列，披钍形至条状披针形，长15-30厘米，宽约2厘米，先端渐尖基部渐狭，平滑无毛，有抱茎的叶鞘；无柄。花茎直立，被以覆瓦状疏离的鳞片；穗状花序卵形至椭圆形，长约5厘米，宽约2.5厘米；苞片卵形，淡绿色；花稠密，长编印2.5厘米，先端锐尖；萼短筒状；花冠3裂，裂片披针形，黄色，唇瓣较短，长圆状倒卵形，呈淡紫色，有黄白色斑点，下部两面三刀侧各有小裂片；雄蕊1枚，挺出，子房下位；花柱丝状，淡紫色，柱头放射状。蒴果长圆形胀约2.5厘米。花期6-8月。','为芳香性辛辣健胃药，有温暖、兴奋、发汗、止呕、解毒等作用，特别对于鱼蟹毒，半夏、天南星等药物中毒有解毒作用。适用于外感风寒、头痛、痰饮、咳嗽、胃寒呕吐;在遭受冰雪、水湿、寒冷侵袭后，急以姜汤饮之，可增进血行，驱散寒邪。','辛、微温。',null,'273f6cdd-f413-11e7-8d2b-10604b5b84ce','温里药');
INSERT INTO medicine VALUES('52d29c96-f41a-11e7-8d2b-10604b5b84ce','大枣','干枣、美枣，良枣，红枣','C:\projects\wechatCMFStandard\app\Resources\views\image','为鼠李科植物枣的成熟果实。 秋季果实成熟时采收。拣净杂质，晒干。或烘至皮软，再行晒干。或先用水煮一滚，使果肉柔软而皮未皱缩时即捞起，晒干。','《本经》','一般多为栽培。分布全国各地。全国大部分地区有产，主产于河北、河南、山东、四川、贵州等地。','落叶灌木或小乔木，高可达10米。枝平滑无毛，具成对的针刺，直伸或钩曲，幼枝纤弱而簇生，颇似羽状复叶。成之字形曲折。单叶互生；卵圆形至卵状披针形，少有卵形，长2～6厘米，先端短尖而钝，基部歪斜，边缘具细锯齿，3主脉自基部发出，侧脉明显。花小形，成短聚伞花序，丛生于叶腋，黄绿色；萼5裂，上部呈花瓣状，下部连成筒状，绿色；花瓣5；雄蕊5，与花瓣对生；子房2室，花柱突出于花盘中央，先端2裂，核果卵形至长圆形，长1．5～5厘米，熟时深红色，果肉味甜，核两端锐尖。花期4～5月。果期7～9月。','补脾和胃，益气生津，调营卫，解药毒。治胃虚食少，脾弱便溏，气血津液不足，营卫不和，心悸怔忡。妇人赃躁。','甘，温。',null,'27430374-f413-11e7-8d2b-10604b5b84ce','补虚药');
INSERT INTO medicine VALUES('52d46d0e-f41a-11e7-8d2b-10604b5b84ce','附子',null,'C:\projects\wechatCMFStandard\app\Resources\views\image','本品为毛茛科植物乌头Aconitum carmichaeli Debx.的子根的加工品。6 月下旬至8 月上旬采挖，除去母根、须根及泥沙，习称“泥附子”，加工成下列品种。',null,null,null,'回阳救逆，补火助阳，逐风寒湿邪。用于亡阳虚脱，肢冷脉微，阳萎，宫冷，心腹冷痛，虚寒吐泻，阴寒水肿，阳虚外感，寒湿痹痛,阴疽疮疡。其实附子功效、主治甚广，这样的概括远不能反映全貌。','辛、甘，大热；有毒。',null,'273f6cdd-f413-11e7-8d2b-10604b5b84ce','温里药');

/*方剂分类表*/
INSERT INTO prescription_sort values('0fddd411-f41b-11e7-8d2b-10604b5b84ce','解表剂');
INSERT INTO prescription_sort values('0fe5228a-f41b-11e7-8d2b-10604b5b84ce','清热剂');
INSERT INTO prescription_sort values('0fe57147-f41b-11e7-8d2b-10604b5b84ce','泻下剂');
INSERT INTO prescription_sort values('0fe5b1c3-f41b-11e7-8d2b-10604b5b84ce','祛湿剂');
INSERT INTO prescription_sort values('0fe5ed92-f41b-11e7-8d2b-10604b5b84ce','治燥剂');
INSERT INTO prescription_sort values('0fe628e1-f41b-11e7-8d2b-10604b5b84ce','温里剂');
INSERT INTO prescription_sort values('0fe699d2-f41b-11e7-8d2b-10604b5b84ce','理气剂');
INSERT INTO prescription_sort values('0fe6e2e6-f41b-11e7-8d2b-10604b5b84ce','消食剂');
INSERT INTO prescription_sort values('0fe72ad2-f41b-11e7-8d2b-10604b5b84ce','理血剂');
INSERT INTO prescription_sort values('0fe76cc5-f41b-11e7-8d2b-10604b5b84ce','治风剂');
INSERT INTO prescription_sort values('0fe7ab36-f41b-11e7-8d2b-10604b5b84ce','和解剂');
INSERT INTO prescription_sort values('0fe7e768-f41b-11e7-8d2b-10604b5b84ce','开窍剂');
INSERT INTO prescription_sort values('0fe8346b-f41b-11e7-8d2b-10604b5b84ce','补益剂');
INSERT INTO prescription_sort values('0fe87879-f41b-11e7-8d2b-10604b5b84ce','固涩剂');
INSERT INTO prescription_sort values('0fe8e2f3-f41b-11e7-8d2b-10604b5b84ce','涌吐剂');
INSERT INTO prescription_sort values('0febbcc1-f41b-11e7-8d2b-10604b5b84ce','驱虫剂');
INSERT INTO prescription_sort values('0fec23b3-f41b-11e7-8d2b-10604b5b84ce','祛痰剂');
INSERT INTO prescription_sort values('0fec78dd-f41b-11e7-8d2b-10604b5b84ce','安神剂');
/*方剂表*/
insert into prescription values('b3b28dfa-f41d-11e7-8d2b-10604b5b84ce','麻黄汤','麻黄去节，三两(9g) 桂枝二两(6g) 杏仁去皮尖，七十个（6g） 甘草炙，一两(3g)','上四味，以水九升，先煮麻黄减二升，去上沫，内诸药煮取二升半，去滓，温服八合。覆取微似汗，不须啜粥，余如桂枝法将息。','发汗解表，宣肺平喘。','本方证为外感风寒所致。风寒束表，营卫首当其冲，寒性收引凝滞，致卫阳被遏，营阴郁滞，腠理闭塞，经脉不通，故恶寒，发热，无汗，头身疼痛；肺主气，合皮毛，毛窍闭塞，肺气不能宣通，则上逆为咳喘。治当发汗宣肺，以解在表之寒邪，开泄闭郁之肺气。麻黄味苦辛性温，入肺与膀胱经，善开腠理，具有发汗解表，宣肺平喘之功，故本方用以为君药。由于本证属卫郁营滞，故单用麻黄发汗，只能解卫气之闭郁，所以又用透营达卫的桂枝为臣药，解肌发表，温经散寒，既可助麻黄发汗解表之力，又能使邪气去而营卫和。杏仁降利肺气，与麻黄相伍，一宣一降，以复肺气之宣降，增强宣肺平喘之功，为佐药。炙甘草既能调和宣降之麻杏，又能缓和麻桂相合峻烈之性，使汗出不致过猛而伤耗正气，是使药而兼佐药之用。四药合用，表寒得散，肺气宣通，则诸证自平。麻黄、桂枝相配，一发卫气之郁以开腠理，一透营分之郁以和营卫，相须为用，以增强发汗解表之功，是本方的主要配伍特点。','0fddd411-f41b-11e7-8d2b-10604b5b84ce','麻黄汤中用桂枝，杏仁甘草四般施，发热恶寒头项痛，喘而无汗服之宜。','麻黄汤发汗力强，不宜用于表虚自汗、体虚外感、产后及出血病人。','解表剂');
insert into prescription values('b3b2f462-f41d-11e7-8d2b-10604b5b84ce','十枣汤','芫花熬 甘遂 大戟各等分','三味等分，各别捣为散。以水一升半，先煮大枣肥者十枚，取八合去滓，纳药末。强人服一钱匕(2g)，羸人服半钱(1g)，温服之，平旦服。若下后病不除者，明日更服，加半钱。得快下利后，糜粥自养。','攻逐水饮。','水饮壅盛于里，停于胸胁，则咳唾胸胁引痛，甚或胸背掣痛不得息；水饮停于心下，则心下痞鞕，干呕短气；上扰清阳，则头痛目眩；水饮泛溢肢体，则发水肿。此时，水气壅实，非一般化饮渗利之品所能胜任，当投峻剂攻逐，方可去其水饮。方中甘遂苦寒有毒，善行经隧络脉之水湿，《本经》谓其主“腹满，面目浮肿，留饮宿食，破癥坚积聚，利水谷道”。大戟苦寒有毒，善泻脏腑之水邪，《本经》谓之主“蛊毒，十二水，腹满急痛，积聚”。芫花辛温有毒，善消胸胁伏饮痰癖，《别录》言其“消胸中痰水，喜唾，水肿”。三药峻烈，各有专功，合而用之，攻逐水饮之功甚著。用大枣10枚煎汤送服，取其益脾缓中，防止逐水伤及脾胃，并缓和诸药毒性，使邪去而正不伤。原方用法，值得注意。一是三药为散，大枣煎汤送服。因方中甘遂的有效成分难溶于水，故以散剂吞服疗效较好。二是从小量开始，且于清晨空腹服用。以免量大下多伤正，如服后下少，明日加量。三是服药得快利后，宜食糜粥以保养脾胃。','0fe57147-f41b-11e7-8d2b-10604b5b84ce','十枣逐水效甚夸，大戟甘遂与芫花， 悬饮内停胸胁痛，大腹肿满用无差。',null,'泻下剂');
insert into prescription values('b3b34d78-f41d-11e7-8d2b-10604b5b84ce','逍遥散','甘草微炙赤，半两(4.5g) 当归去苗，锉，微炒 茯苓去皮，白者 芍药 白术 柴胡去苗，各一两（各9g）','上为粗末，每服二钱(6g)，水一大盏，烧生姜一块切破，薄荷少许，同煎至七分，去渣热服，不拘时候。','疏肝解郁，养血健脾。','肝性喜条达，恶抑郁，为藏血之脏，体阴而用阳。若情志不畅，肝木不能条达，则肝体失于柔和，以致肝郁血虚。足厥阴肝经“布胁肋，循喉咙之后，上入颃颡，连目系，上出额，与督脉会与巅”。肝郁血虚则两胁作痛，头痛目眩；郁而化火，故口燥咽干。肝木为病易于传脾，脾胃虚弱故神疲食少。脾为营之本，胃为卫之源，脾胃虚弱则营卫受损，不能调和而致往来寒热，肝藏血，主疏泄，肝郁血虚脾弱，在妇女多见月经不调，乳房胀痛。治宜疏肝解郁，养血健脾之法。方中以柴胡疏肝解郁，使肝气得以条达为君药。白芍酸苦微寒，养血敛阴，柔肝缓急；当归甘辛苦温，养血和血，且气香可理气，为血中之气药；归、芍与柴胡同用，补肝体而助肝用，使血和则肝和，血充则肝柔，共为臣药。木郁则土衰，肝病易于传脾，故以白术、茯苓、甘草健脾益气，非但实土以抑木，且使营血生化有源，共为佐药。用法中加薄荷少许，疏散郁遏之气，透达肝经郁热；烧生姜降逆和中，且能辛散达郁，亦为佐药。柴胡为肝经引经药，又兼使药之用。合而成方，深合《素同·藏气法时论》：“肝苦急，急食甘以缓之”，“脾欲缓，急食甘以缓之”，“肝欲散，急食辛以散之”之旨，可使肝郁得疏，血虚得养，脾弱得复，气血兼顾，肝脾同调，立法周全，组方严谨，故为调肝养血之名方。','0fe7ab36-f41b-11e7-8d2b-10604b5b84ce','逍遥散用归芍柴，苓术甘草姜薄偕， 疏肝养血兼理脾，丹栀加入热能排。',null,'和解剂');
insert into prescription values('b3b6c444-f41d-11e7-8d2b-10604b5b84ce','白虎汤','石膏一斤，碎(50g) 知母六两(18g) 甘草二两，炙(6g) 粳米六合(9g)','上四味，以水一斗，煮米熟，汤成去滓，温服一升，日三服。','清热生津。','本方主治阳明、气分热盛证。凡伤寒化热内传阳明之经，温病邪传气分，皆能出现本证。里热炽盛，故壮热不恶寒；热灼津伤，而见烦渴引饮；热蒸外越，故汗出；脉洪大有力，为热盛于经所致。因其病变为里热实证，邪既离表，故不可发汗；里热炽盛，尚未致腑实便秘，又不宜攻下；热盛伤津，又不能苦寒直折，免致伤津化燥，愈伤其阴。当以清热生津为法。方中君药生石膏，味辛甘，性大寒，善能清热，以制阳明（气分）内盛之热，并能止渴除烦。臣药知母，味苦性寒质润，寒助石膏以清热，润助石膏以生津。石膏与知母相须为用，加强清热生津之功。佐以粳米、炙甘草和中益胃，并可防君臣药之大寒伤中之弊。炙甘草兼以调和诸药为使。诸药配伍，共成清热生津，止渴除烦之剂，使其热清烦除，津生渴止，由邪热内盛所致之诸证自解。','0fe5228a-f41b-11e7-8d2b-10604b5b84ce','白虎膏知甘草粳，气分大热此方清， 热渴汗出脉洪大，加入人参气津生。',null,'清热剂');
insert into prescription values('b3b70aac-f41d-11e7-8d2b-10604b5b84ce','桂枝附子汤','桂枝三两45g（去皮）　甘草二两30g（炙）　生姜三两45g（切）　大枣十二枚（擘） 附子一枚15g（炮）','上药五味，以水1800毫升，煮取600毫升，去滓，分三次温服。','伤寒八九日，风湿相搏，身体疼烦，不能自转侧，不呕不渴，脉浮虚而涩者。现用于风湿性关节炎、坐骨神经痛等属于风寒湿邪而成者。',null,'0fe628e1-f41b-11e7-8d2b-10604b5b84ce',null,null,'温里剂');
/*药物方剂表表*/
/*桂枝、桂枝附子汤*/insert into medicine_prescription values('52d1b0a8-f41a-11e7-8d2b-10604b5b84ce','b3b70aac-f41d-11e7-8d2b-10604b5b84ce','7eb53c2e-f41e-11e7-8d2b-10604b5b84ce');
/*甘草、桂枝附子汤*/insert into medicine_prescription values('52d1fbf0-f41a-11e7-8d2b-10604b5b84ce','b3b70aac-f41d-11e7-8d2b-10604b5b84ce','7eb8e9a0-f41e-11e7-8d2b-10604b5b84ce');
/*生姜、桂枝附子汤*/insert into medicine_prescription values('52d24bf7-f41a-11e7-8d2b-10604b5b84ce','b3b70aac-f41d-11e7-8d2b-10604b5b84ce','7eb9415f-f41e-11e7-8d2b-10604b5b84ce');
/*大枣、桂枝附子汤*/insert into medicine_prescription values('52d29c96-f41a-11e7-8d2b-10604b5b84ce','b3b70aac-f41d-11e7-8d2b-10604b5b84ce','7ebb1077-f41e-11e7-8d2b-10604b5b84ce');
/*附子、桂枝附子汤*/insert into medicine_prescription values('52d46d0e-f41a-11e7-8d2b-10604b5b84ce','b3b70aac-f41d-11e7-8d2b-10604b5b84ce','7ebb6d60-f41e-11e7-8d2b-10604b5b84ce');

/*疾病分类表*/
insert into disease_sort values('b8980d9a-f3a7-11e7-95f5-10604b5b84ce','呼吸系统疾病');
insert into disease_sort values('b89874d2-f3a7-11e7-95f5-10604b5b84ce','消化系统疾病');
insert into disease_sort values('b898ddc1-f3a7-11e7-95f5-10604b5b84ce','循环系统疾病');
insert into disease_sort values('b899a268-f3a7-11e7-95f5-10604b5b84ce','泌尿系统疾病');
insert into disease_sort values('b899f0ec-f3a7-11e7-95f5-10604b5b84ce','血液系统疾病');
insert into disease_sort values('b89a3d55-f3a7-11e7-95f5-10604b5b84ce','内分泌系统疾病');
insert into disease_sort values('b89a93b6-f3a7-11e7-95f5-10604b5b84ce','新成代谢疾病');
insert into disease_sort values('b89ae106-f3a7-11e7-95f5-10604b5b84ce','淋巴系统疾病');
insert into disease_sort values('b89c3958-f3a7-11e7-95f5-10604b5b84ce','神经精神系统疾病');
insert into disease_sort values('b89c8a86-f3a7-11e7-95f5-10604b5b84ce','结缔组织疾病');
insert into disease_sort values('b89ce2e3-f3a7-11e7-95f5-10604b5b84ce','妇产科疾病');
insert into disease_sort values('b89d3911-f3a7-11e7-95f5-10604b5b84ce','儿科疾病');
insert into disease_sort values('b89d8e2f-f3a7-11e7-95f5-10604b5b84ce','耳鼻喉科疾病');
insert into disease_sort values('b89de926-f3a7-11e7-95f5-10604b5b84ce','眼科疾病');
insert into disease_sort values('b89e454e-f3a7-11e7-95f5-10604b5b84ce','口腔科疾病');
insert into disease_sort values('b89e9bc9-f3a7-11e7-95f5-10604b5b84ce','伤骨科疾病');
insert into disease_sort values('b89ee8a5-f3a7-11e7-95f5-10604b5b84ce','皮肤科疾病');
insert into disease_sort values('b89f3f2d-f3a7-11e7-95f5-10604b5b84ce','肿瘤科疾病');
insert into disease_sort values('b89f9696-f3a7-11e7-95f5-10604b5b84ce','传染病与性病');
insert into disease_sort values('b89fec4a-f3a7-11e7-95f5-10604b5b84ce','寄生虫疾病');
insert into disease_sort values('b8a03fda-f3a7-11e7-95f5-10604b5b84ce','男性不育性疾病');
insert into disease_sort values('b8a092c7-f3a7-11e7-95f5-10604b5b84ce','女性不孕性疾病');
insert into disease_sort values('b8a0e3e8-f3a7-11e7-95f5-10604b5b84ce','男性生殖系统疾病');
insert into disease_sort values('b8a133b3-f3a7-11e7-95f5-10604b5b84ce','疑难杂症');
/*疾病表*/
/*传染性病*/insert into disease values('9fe3d144-f448-11e7-86b9-10604b5b84ce','风寒感冒','鼻塞，流稀涕，喷嚏，恶寒明显，发热，热势多不高，头痛，全身肌肉酸痛，舌质淡红，苔薄白，脉浮紧。','风寒之邪外袭、肺气失宣所致。','有','后脑强痛、怕寒怕风、流清涕',null,'b89f9696-f3a7-11e7-95f5-10604b5b84ce');
/*呼吸系统疾病*/insert into disease values('9febe223-f448-11e7-86b9-10604b5b84ce','中暑','突然晕倒、身热、恶心、呕吐、烦躁、大汗（或无汗）、气粗、面色苍白、脉细数，或昏迷不醒，四肢抽搐、牙关紧闭等','高温下作业，阳光直接暴晒，人群拥挤等','无','热射病的典型临床表现为高热（41℃以上）、无汗和意识障碍。常在高温环境中工作数小时或老年、体弱、慢性病患者在连续数天高温后发生中暑。先驱症状有全身软弱、乏力、头昏、头痛、恶心、出汗减少。继而体温迅速上升，出现嗜睡、谵妄或昏迷。皮肤干燥、灼热、无汗，呈潮红或苍白；周围循环衰竭时呈紫绀。脉搏快，脉压增宽，血压偏低，可有心律失常。呼吸快而浅，后期呈陈-施氏呼吸。四肢和全身肌肉可有抽搐。瞳孔缩小，后期扩大，对光反应迟钝或消失。严重患者出现休克、心力衰竭、肺水肿、脑水肿，或肝、肾功能衰竭、弥散性血管内凝血。实验室检查有白细胞总数和中性粒细胞比例增多，尿蛋白和管型出现，血尿素氮、谷丙和谷草转氨酶、乳酸脱氢酶、肌酸磷酸激酶和红细胞超氧化物岐化酶（superoxide dismutase，SOD）增高，血pH降低，血钠、钾降低。心电图有心律失常和心肌损害表现。热痉挛常发生在高温环境中强体力劳动后。患者常先有大量出汗，然后四肢肌肉、腹壁肌肉，甚至胃肠道平滑肌发生阵发性痉挛和疼痛。实验室检查有血钠和氯化物降低，尿肌酸增高。热衰竭常发生在患者对热不适应，体内常无过量热蓄积。患者先有头痛、头晕、恶心，继有口渴、胸闷、脸色苍白、冷汗淋漓、脉搏细弱或缓慢、血压偏低。可有晕厥，并有手、足抽搐。重者出现周围循环衰竭。实验室检查有低钠和低钾。热射病、热痉挛和热衰竭的主要发病机制和临床表现虽有所不一，但在临床上可有二种或三种同时并存，不能截然区别。晚近证明在高温下从事体力劳动，在临床未出现中暑症状前，一组反映机体受应激的血清急相反应蛋白（acute phase response proteins）--α-酸性糖蛋白、触珠蛋白、铜兰蛋白和α-抗胰蛋白已有升高，提示机体已受热影响。','中暑的诊断可根据在高温环境中劳动和生活时出现体温升高、肌肉痉挛和（或）晕厥，并应排除其他疾病后方可诊断。与热射病特别需要鉴别的疾病有脑炎、有机磷农药中毒、中毒性肺炎、菌痢、疟疾；热衰竭应与消化道出血或宫外孕、低血糖等鉴别；热痉挛伴腹痛应与各种急腹症鉴别。','b8980d9a-f3a7-11e7-95f5-10604b5b84ce');
/*内分泌系统疾病*/insert into disease values('9fed2b1c-f448-11e7-86b9-10604b5b84ce','肥胖症','常并发或加重高血压、冠心病、糖尿病、高脂血症、胆石症.','外因以饮食过多而活动过少为主，内因为脂肪代谢紊乱','无','态臃肿，有失健美，同时有行动迟缓、体力下降、动辄汗流浃背，气喘吁吁、易疲劳、易打盹，记忆力减退等症状，如果不能及时治疗，常可伴发动脉粥样硬化、冠心病。高血压病、胆石症、糖尿病、多发性骨关节病、高尿酸血症等一系列严重疾病。','根据身长体重；当体重超过标准20%','b89a3d55-f3a7-11e7-95f5-10604b5b84ce');
/*呼吸系统疾病*/insert into disease values('9fed86be-f448-11e7-86b9-10604b5b84ce','慢性支气管炎','主要症状是咳嗽、咳痰或伴有喘息。','可能与有害气体和颗粒，病毒、细菌等因素有关.','无','临床出现有连续两年以上，每持续三个月以上的咳嗽、咳痰或气喘等症状。早期慢性支气管炎的症状轻微，多在冬季发作，春暖后缓解;晚期炎症加重，症状长年存在，不分季节。','慢性支气管炎的诊断主要依据是咳嗽、咳痰，病程每年至少持续3个月，需连续2年以上者。体证检查可闻及干性或湿性罗音，喘息型的则有哮鸣音，严重型的可见桶状胸。X线检查可见肺纹理增深，或呈网、条状，肺气肿时两肺透亮度增加，两隔低位。碘油造影发现变形的支气管有的扩张，或狭窄，或支气管壁小憩室的形成。电镜检查可见I、II型肺泡上皮细胞肿胀、增生，毛细血管基底膜变厚，或纤维样弥漫性增生的肺泡壁。','b8980d9a-f3a7-11e7-95f5-10604b5b84ce');

/*方剂疾病表*/
/*桂枝附子汤治感冒*/insert into prescription_disease values('b3b70aac-f41d-11e7-8d2b-10604b5b84ce','9fe3d144-f448-11e7-86b9-10604b5b84ce','dbea9b44-f44a-11e7-86b9-10604b5b84ce');
insert into prescription_disease values('b3b28dfa-f41d-11e7-8d2b-10604b5b84ce','9fe3d144-f448-11e7-86b9-10604b5b84ce','f06225fb-f4ed-11e7-8a40-10604b5b84ce');
insert into prescription_disease values('b3b70aac-f41d-11e7-8d2b-10604b5b84ce','9febe223-f448-11e7-86b9-10604b5b84ce','7aa549a5-f4ed-11e7-8a40-10604b5b84ce');
/*医生分类*/
insert into doctor_sort values('c4d59510-f420-11e7-8d2b-10604b5b84ce','当代名医');
insert into doctor_sort values('c4d92a43-f420-11e7-8d2b-10604b5b84ce','近代名医');
insert into doctor_sort values('c4d98259-f420-11e7-8d2b-10604b5b84ce','清代名医');
insert into doctor_sort values('c4d9cd81-f420-11e7-8d2b-10604b5b84ce','明代名医');
insert into doctor_sort values('c4da1a01-f420-11e7-8d2b-10604b5b84ce','宋金元名医');
insert into doctor_sort values('c4da581e-f420-11e7-8d2b-10604b5b84ce','隋唐名医');
insert into doctor_sort values('c4da96ff-f420-11e7-8d2b-10604b5b84ce','南北朝名医');
insert into doctor_sort values('c4dad603-f420-11e7-8d2b-10604b5b84ce','周汉晋名医');
/*医生表*/
insert into doctor values('e0f2d2eb-f445-11e7-86b9-10604b5b84ce','葛琳仪','女','1933月6月生.','自1971年起主持了“省防治慢性气管炎协作组”的临床研究工作，主持开展了大量的临床验证工作，研制出该病的中西医结合分型辨治的标准及方法，提出对“慢性支气管炎”不同病期采用不同的治疗，创造性地提出“冬病夏治”的理念，并筛选出防治慢性支气管炎的多种单味有效中草药及药对，制成了多种不同剂型，应用于临床，在诊治呼吸系统疾病方面积有丰富的经验。在治疗消化道疾病方面，早年研制的“止血一号”获1992年省医药科技进步三等奖。对胃炎、溃疡病的治疗也颇有心得，临床疗效明显。','擅长呼吸系统（慢性支气管炎、支气管哮喘、肺气肿、肺源性心脏病）；消化系统（慢性胃炎、消化性溃疡、消化道出血等疾病）。','c4d59510-f420-11e7-8d2b-10604b5b84ce','C:\projects\wechatCMFStandard\app\Resources\views\image');
insert into doctor values('f3116624-f44d-11e7-86b9-10604b5b84ce','方瑞丰','男','生于1889年',null,'擅长治疗神经衰弱及杂病','c4d92a43-f420-11e7-8d2b-10604b5b84ce','C:\projects\wechatCMFStandard\app\Resources\views\image');
insert into doctor values('f3148c1d-f44d-11e7-86b9-10604b5b84ce','邹润安','男','1790年','清道光十二年至二十年(1832～1840年)间，他从事本草著述，编成《本经疏证》(内含《本经疏证》12卷、《本经续疏》6卷、《本经序疏要》三书)。在此书中取《本经》、《别录》为经，《伤寒论》、《金匮要略》、《千金方》为纬，交互参证，“疏其文而证其解”。书中采用笺疏之例，辨证之体，重在讨论药性及其在古方中的运用。另著有《明典》54卷，《伤寒通解》4卷，《医理摘抄》4卷，《医经书目》8卷等。',null,'c4d98259-f420-11e7-8d2b-10604b5b84ce','C:\projects\wechatCMFStandard\app\Resources\views\image');
insert into doctor values('bd4e13f0-f4eb-11e7-8a40-10604b5b84ce','廖品正','女','1938年','临床方面,她善于运用中医理论指导辨证,治疗眼内外各种疾病。科研方面，她带领一班人从基础到临床对中医药治疗糖尿病性眼病进行系统研究，先后完成了国家“九五”攻关、“十五” 攻关和“863”计划等近10项部省级重大科研项目，并已完成“优糖明”(又称“芪明颗粒”)和“新优糖明”两个中药复方新药的开发研究与成果转让。教学方面，她为全国医药院校首名中医眼科博士生导师。','善于运用中医理论指导辨证,治疗眼内外各种疾病。','c4d59510-f420-11e7-8d2b-10604b5b84ce','C:\projects\wechatCMFStandard\app\Resources\views\image');

/*医生疾病表*/
/*葛琳仪治慢性支气管炎*/insert into doctor_disease values('e0f2d2eb-f445-11e7-86b9-10604b5b84ce','9fed86be-f448-11e7-86b9-10604b5b84ce','b01cc0bf-f44b-11e7-86b9-10604b5b84ce');
insert into doctor_disease values('e0f2d2eb-f445-11e7-86b9-10604b5b84ce','9fe3d144-f448-11e7-86b9-10604b5b84ce','8a939c1f-f4ec-11e7-8a40-10604b5b84ce');
insert into doctor_disease values('e0f2d2eb-f445-11e7-86b9-10604b5b84ce','9febe223-f448-11e7-86b9-10604b5b84ce','8a93fb7c-f4ec-11e7-8a40-10604b5b84ce');
insert into doctor_disease values('f3116624-f44d-11e7-86b9-10604b5b84ce','9fe3d144-f448-11e7-86b9-10604b5b84ce','8a9444ca-f4ec-11e7-8a40-10604b5b84ce');
insert into doctor_disease values('f3116624-f44d-11e7-86b9-10604b5b84ce','9febe223-f448-11e7-86b9-10604b5b84ce','8a9491e9-f4ec-11e7-8a40-10604b5b84ce');

/*医院表*/
insert into hospital values('08fc3fb9-f453-11e7-86b9-10604b5b84ce','广东省中医院','1933年','三级甲等','设脑病专科、心血管病专科、皮肤病专科、肾病专科、乳腺病专科、妇科病专科、脊柱专科、中医急症、颈椎病（脊柱）专科、骨病骨肿瘤专科、骨关节病专科、消化病专科、呼吸病专科、肿瘤病专科、耳鼻喉病专科、中医外科、针灸科、糖尿病专科、肝病专科、冠心病专科等','位于广州市越秀区大德路111号');
insert into hospital values('08fe08f9-f453-11e7-86b9-10604b5b84ce','北京协和医院','1921年','三级甲等','风湿免疫科、肿瘤内科、皮肤科、普通内科。','北京协和医院地址共有两个，分为东院和西院，协和医院东院位于北京市东城区帅府园1号');
insert into hospital values('08fe7799-f453-11e7-86b9-10604b5b84ce','复旦大学附属华山医院','1907年','三级','医院设有神经外科、手外科、神经病学、传染病学、中西医结合临床、泌尿外科、肾病科、心血管科、影像医学和核医学、普外科重点学科10个，骨科、护理专科、检验科、重点实验室（手外科）、重点实验室（抗生素）、内分泌科、神经外科、手外科、神经内科、中医专业（肺病）、皮肤科、泌尿外科、肾病科、外科、消化科、肿瘤科、感染科、康复医学科、运动医学科、医学影像科重点专科20个，临床药事、神经内科、皮肤科、激光治疗、核医学、职业病诊断、神经外科临床质控中心7个，WHO研究与培训合作中心1个，重点实验室、各类研究所、中心近20个。','上海市乌鲁木齐中路12号\上海市华山路433号\吴中东路518号。');
insert into hospital values('08fedf18-f453-11e7-86b9-10604b5b84ce','上海交通大学医学院附属仁济医院','1844年','三级','医院设有消化科、心内科、神经外科、风湿病科、核医学科、妇产科、妇科肿瘤科、泌尿科、肾脏科、麻醉科、疼痛科、重症医学科、放射科、胃肠外科、肝脏外科、胆胰外科、乳腺外科、血管外科、头颈外科、血液科、老年病科、超声医学科、神经内科、内分泌科、骨科、骨关节外科、脊柱外科、创伤骨科、呼吸科、耳鼻咽喉科、整形外科、眼科、生殖医学科、放射诊疗科、药剂科、健康保健中心、输血科、检验科、儿科、康复科、口腔科、皮肤科、肿瘤科、急诊科、胸外科、心血管外科、病理科、中医科、营养科、内科门诊、感染科、肿瘤介入科、功能神经外科、变态反应科（过敏科）等50多个临床医技科室。其中，消化内科、风湿病科、泌尿外科、功能神经科、妇科肿瘤科、头颈外科、产科、重症监护室（ICU）重点科室。','东院：上海市浦建路160号;西院：上海市山东中路145号;南院：上海市闵行区江月路2000号;北院：上海市浦东新区灵山路845号;肿瘤所：上海市斜土路2200弄25号');
insert into hospital values('08ff374a-f453-11e7-86b9-10604b5b84ce','江西中医药大学附属医院','1954年','三级','医院设有急诊科、肺病科、脾胃肝胆病科、心血管病科、脑病科、肾病科、血液病糖尿病科、风湿病科、肿瘤科、妇科、儿科、皮肤科、关节骨科、创伤骨科、脊柱骨科、针灸康复科、肛肠科、眼科、耳鼻咽喉科、胸外科、普外科、脑外科、泌尿外科、微创外科、口腔科、麻醉科等45个临床和医技科室。其中，国家临床重点专科7个（针灸科、妇科、外科、肺病科、心血管病科、脾胃病科、护理学），国家中医药管理局重点专科（专病）12个（针灸科、肺病科、妇科、骨伤科、外科、急诊科、心血管病科、肛肠科、脾胃病科、耳鼻咽喉科、护理学、毒蛇咬伤）。','江西省南昌市八一大道445号。');
/*疾病医院表*/
insert into disease_hospital values('9fe3d144-f448-11e7-86b9-10604b5b84ce','08fc3fb9-f453-11e7-86b9-10604b5b84ce','daeb1827-f453-11e7-86b9-10604b5b84ce');
insert into disease_hospital values('9febe223-f448-11e7-86b9-10604b5b84ce','08fe08f9-f453-11e7-86b9-10604b5b84ce','daedbdaf-f453-11e7-86b9-10604b5b84ce');
insert into disease_hospital values('9fed2b1c-f448-11e7-86b9-10604b5b84ce','08fe7799-f453-11e7-86b9-10604b5b84ce','daee1042-f453-11e7-86b9-10604b5b84ce');
insert into disease_hospital values('9fed86be-f448-11e7-86b9-10604b5b84ce','08fedf18-f453-11e7-86b9-10604b5b84ce','daef15ce-f453-11e7-86b9-10604b5b84ce');
/*书籍表*/
insert into book values('bb45e6f8-f455-11e7-86b9-10604b5b84ce','《黄帝内经·素问》',null,'《黄帝内经》是我国传统医学四大经典著作之一，也是第一部冠以中华民族先祖“黄帝”之名的传世巨著，是我国医学宝库中现存成书最早的一部医学典籍。是研究人的生理学、病理学、诊断学、治疗原则和药物学的医学巨著。','C:\projects\wechatCMFStandard\app\Resources\views\image');
insert into book values('dd7bb936-f465-11e7-86b9-10604b5b84ce','《难经》','旧题秦越人（扁鹊）','中医理论著作。原名《黄帝八十一难经》，3卷。原题秦越人撰。“难”是“问难”之义，或作“疑难”解。“经”乃指《内经》，即问难《内经》。作者把自己认为难点和疑点提出，然后逐一解释阐发，部分问题做出了发挥性阐解。','C:\projects\wechatCMFStandard\app\Resources\views\image');
insert into book values('d551742d-f466-11e7-86b9-10604b5b84ce','《温热论》','叶桂（天士）','《温热论》（另一传本为《温证论治》）由清代著名中医温病大家叶天士编曲撰。内容简短，仅四千余字，却温病理论与临床有极大的指导价值，对后世温病学的发展起了推动作用，是一部切合临床实用的温病理论性著作。','C:\projects\wechatCMFStandard\app\Resources\views\image');
/*章节*/
insert into book_chapter values('112965d5-f468-11e7-86b9-10604b5b84ce','序','d551742d-f466-11e7-86b9-10604b5b84ce','三部分');
insert into book_chapter values('112affda-f468-11e7-86b9-10604b5b84ce','《温热论》热论','d551742d-f466-11e7-86b9-10604b5b84ce','三部分');
insert into book_chapter values('112b65ce-f468-11e7-86b9-10604b5b84ce','《温热论》三时伏气外感篇','d551742d-f466-11e7-86b9-10604b5b84ce','三部分');
insert into book_chapter values('112bb64c-f468-11e7-86b9-10604b5b84ce','《难经》之论脉','dd7bb936-f465-11e7-86b9-10604b5b84ce','六部分');
/*文章*/
insert into book_article values('1938e102-f46c-11e7-86b9-10604b5b84ce','《温热论》序','清叶桂讲授，门人顾景文等据笔记整理而成；《续临证指南》中称为《外感温热篇》；《温热经纬》中称作《叶香岩外感温热病篇》；《医门棒喝》则称《叶天士温热论》。阐明温病发生、发展规律，归纳为“温邪上受，首先犯上，逆传心包”；提出温病发展的卫、所、营、血四个阶段，表示疾病由浅入深的四个层次；叙述辨舌、验齿、辨斑疹等意义。在温病学说的发展上，起了承前启后的作用。现有多种刊本。叶天士（1667-1746），名桂，号香岩，别号南阳先生，江苏吴县人，清代杰出的医学家，为温病学派的主要代表人物之一。叶天士生于医学世家，祖父叶时、父叶朝采都是精通医术，尤其以儿科闻名。叶桂12岁开始从父学医，14岁时，他父亲死了，于是抱着失去亲人的痛苦，再他父亲的门人朱某为老师，专学医术。叶天士聪慧过人，悟超象外，一点即通；尤其虚心好学，凡听到某位医生有专长，就向他行弟子礼拜其为师，十年之内，换了十七个老师，并且他能融会贯通，因此医术突飞猛进，名声大震。尚书沈德潜曾为他立传，说：“以是名著朝野，即下至贩夫竖子，运至邻省外服，无不知有叶天士先生，由其实至而名归也。”（《沈归愚文集·叶香岩传》）叶氏不仅精通医术，而且治学讲求宏搜博览，学究天人，精细严谨，使医术与学术相得益彰，他认为“学问无穷，读书不可轻量也。”故虽享有盛名，但却手不释卷，广采众长。嵇璜“序”曾说：“先生之名益高，从游者益众，先生固无日不读书也。”其为人“内外修备、交朋忠信……以患难相告者，倾囊助之，无所顾藉”。他为医却不喜欢以医自名，临终前对他的儿了说：“医可为而不可为，必天资敏悟，又读万卷书而后可借术济世。不然，鲜有不杀人者，是以药饵为刃也。吾死，子孙慎勿轻言医。”   叶氏一生忙于诊事，在世没有亲笔著述。现传有《临证指南医案》十卷，后附《幼科心法》及《温热论治》各一卷；《叶天士医案存真》三卷。据载都是他的门人和后代整理记录的。其中《温热论治》是叶氏口传心授经验心得，为临床经验的结晶，是温病学说中一部非常重要珍贵的文献。全篇主要论述温病感受途径、传变规律、治疗大法和卫气营血辨证作为温病诊治纲领以及舌、齿、斑疹等的辨析方法及其诊断意义，并论妇人胎前产后、经水适来适断之际所患温病的证候和治疗。据传是他的门人顾景文随叶氏舟游洞庭湖时，将其口授之说记录而成。《临证指南医案》则是无锡华岫云收集叶氏晚年医案，加以分类编辑而成。分疾病八十九门，每门由其门人撰附论治一篇，门后附徐灵胎评议。卷一至卷八记载内科之杂证、时证案；卷九为妇科；卷十为儿科；书末附所用方剂索引。《幼科心法》相传为叶桂手定后，章楠改题为《三时伏气外感篇》，主要论述儿科诸病的辨证论治，尤其阐发了春时、夏令伏气外感和秋燥之证治。《叶天士医案存真》是叶氏曾孙叶万青，取家藏方案编成，卷一以杂病为主；卷二以温热病案为多；卷三为运用仲景方验案。另有门人周仲开抄录而成的《未刻本叶氏医案》等。另外，托名叶氏的医案和著述颇多，可考的有《景岳发挥》、《叶氏医衡》、《医效秘传》、《本事方释义》、《女科症治》等等。  叶氏一生忙于诊事，在世没有亲笔著述。现传有《临证指南医案》十卷，后附《幼科心法》及《温热论治》各一卷；《叶天士医案存真》三卷。据载都是他的门人和后代整理记录的。其中《温热论治》是叶氏口传心授经验心得，为临床经验的结晶，是温病学说中一部非常重要珍贵的文献。全篇主要论述温病感受途径、传变规律、治疗大法和卫气营血辨证作为温病诊治纲领以及舌、齿、斑疹等的辨析方法及其诊断意义，并论妇人胎前产后、经水适来适断之际所患温病的证候和治疗。据传是他的门人顾景文随叶氏舟游洞庭湖时，将其口授之说记录而成。《临证指南医案》则是无锡华岫云收集叶氏晚年医案，加以分类编辑而成。分疾病八十九门，每门由其门人撰附论治一篇，门后附徐灵胎评议。卷一至卷八记载内科之杂证、时证案；卷九为妇科；卷十为儿科；书末附所用方剂索引。《幼科心法》相传为叶桂手定后，章楠改题为《三时伏气外感篇》，主要论述儿科诸病的辨证论治，尤其阐发了春时、夏令伏气外感和秋燥之证治。《叶天士医案存真》是叶氏曾孙叶万青，取家藏方案编成，卷一以杂病为主；卷二以温热病案为多；卷三为运用仲景方验案。另有门人周仲开抄录而成的《未刻本叶氏医案》等。另外，托名叶氏的医案和著述颇多，可考的有《景岳发挥》、《叶氏医衡》、《医效秘传》、《本事方释义》、《女科症治》等等。','112965d5-f468-11e7-86b9-10604b5b84ce');
insert into book_article values('193a4f4e-f46c-11e7-86b9-10604b5b84ce','《温热论》热论','温邪上受，首先犯肺，逆传心包。肺主气属卫，心主血属营，辨营卫气血虽与伤寒同，若论治法则与伤寒大异也。大凡看法，卫之后方言气，营之后方言血。在卫汗之可也，到气方可清气，入营犹可透热转气，如犀角、玄参、羚羊角等物，入血就恐耗血动血，直须凉血散血，如生地、丹皮、阿胶、赤芍等物。否则前后不循缓急之法，虑其动手便错，反致慌张矣。【邪在肺卫】 盖伤寒之邪留恋在表，然后化热入里，温邪则热变最速，未传心包，邪尚在肺，肺主气，其合皮毛，故云在表。在表初用辛凉轻剂。挟风则加入薄荷、牛蒡之属，挟湿加芦根、滑石之流。或透风于热外，或渗湿于热下，不与热相搏，势必孤矣。不尔，风挟温热而燥生，清窍必干，谓水主之气不能上荣，两阳相劫也。湿与温合，蒸郁而蒙蔽于上，清窍为之壅塞，浊邪害清也。其病有类伤寒，其验之之法，伤寒多有变证，温热虽久，在一经不移，以此为辨。【流连气分】 若其邪始终在气分流连者，可冀其战汗透邪，法宜益胃，令邪与汗并，热达腠开，邪从汗出。解后胃气空虚，当肤冷一昼夜，待气还自温暖如常矣，盖战汗而解，邪退正虚，阳从汗泄，故渐肤冷，未必即成脱证。此时宜令病者，安舒静卧，以养阳气来复，旁人切勿惊惶，频频呼唤，扰其元神，使其烦躁，但诊其脉，若虚软和缓，虽倦卧不语，汗出肤冷，却非脱证；若脉急疾，噪扰不卧，肤冷汗出，便为气脱之证矣。更有邪盛正虚，不能一战而解，停一二日再战汗而愈者，不可不知。再论气病有不传血分，而邪留三焦，亦如伤寒中少阳病也。彼则和解表里之半，此则分消上下之势，随证变法，如近时杏、朴、苓等类，或如温胆汤之走泄。因其仍在气分，犹可望其战汗之门户，转疟之机括。【里结阳明】 再论三焦不得从外解，必致成里结。里结于何，在阳明胃与肠也。亦须用下法，不可以气血之分，就不可下也。但伤寒邪热在里，劫烁津液，下之宜猛；此多湿邪内搏，下之宜轻。伤寒大便溏为邪已尽，不可再下；湿温病大便溏为邪未尽，必大便硬，慎不可再攻也，以粪燥为无湿矣。  【里结阳明】 再论三焦不得从外解，必致成里结。里结于何，在阳明胃与肠也。亦须用下法，不可以气血之分，就不可下也。但伤寒邪热在里，劫烁津液，下之宜猛；此多湿邪内搏，下之宜轻。伤寒大便溏为邪已尽，不可再下；湿温病大便溏为邪未尽，必大便硬，慎不可再攻也，以粪燥为无湿矣。苦泄   适应症：湿热或痰热阻于胸脘，气机郁滞，苔黄浊 （湿已化热）  作用：苦寒清化泄降 （苦辛开降）  方剂：小陷胸汤、半夏泻心汤   药物：枳实、川连、全瓜蒌、半夏等 （药性偏苦寒）.','112affda-f468-11e7-86b9-10604b5b84ce');
insert into book_article values('193ac7dd-f46c-11e7-86b9-10604b5b84ce','《《温热论》三时伏气外感篇','【概论】 夫春温、夏热、秋凉、冬寒，四时之序也。春应温而反大寒，夏应热而反大凉，秋应凉而反大热，冬应寒而反大温，皆不正之乖气也。病自外感，治从阳分， 若因口鼻受气，未必恰在足太阳经矣。大凡吸入之邪，首先犯肺，发热咳喘。口鼻均入之邪，先上继中，咳喘必兼呕逆、瞋胀，虽因外邪，亦是表中之里。设宗世医发散阳经，虽汗不解，幼稚质薄神祛，日期多延，病变错综。兹以四气常法列左。【春温】 春温一证，由冬令收藏未固，昔人以冬寒内伏，藏于少阴，入春发于少阳，以春木内应肝胆也。寒邪深伏，已经化热。昔贤以黄芩汤为主方，苦寒直清里热，热伏于阴，苦味坚阴乃正治也。知温邪忌散，不与暴感门同法。若因外邪先受，引动在里伏热，必先辛凉以解新邪，继进苦寒以清里热。况热乃无形之气，幼医多用消滞，攻治有形， 胃汁先涸，阴液劫尽者多矣。【风温】 风温者，春月受风，其气已温。《经》谓｢春气病在头｣，治在上焦，肺位最高，邪必先伤。此手太阴气分先病，失治则入手厥阴心包络，血分亦伤。盖足经顺传，如太阳传阳明，人皆知之；肺病失治，逆传心包络，幼科多不知者。俗医见身热咳喘，不知肺病在上之旨，妄投荆、防、柴、葛，加入枳、朴、杏、苏、卜子、楂、麦、广皮之属，辄云解肌消食。有见痰喘便用大黄礞石滚痰丸，大便数行，上热愈结。幼稚谷少胃薄，表里苦辛化燥，胃汁已伤，复用大黄大苦沉降丸药，致脾胃阳和伤极，陡变惊痫，莫救者多矣。  春季温暖，风温极多，温变热最速，若发散风寒、消食，劫伤津液，变症尤速。初起咳嗽喘促，通行用薄荷 （汗多不用）、连翘、象贝、牛蒡、花粉、桔梗、沙参、木通、枳壳、橘红、桑皮、甘草、山栀（泄泻不用）、苏子（泻不用，降气）。表解，热不清，用黄芩、连翘、桑皮、花粉、地骨皮、川贝、知母、山礞。里热不清，早上凉，晚暮热，即当清解血分，久则滋清养阴。若热陷神昏，痰升喘促，急用牛黄丸、至宝丹之属。','112b65ce-f468-11e7-86b9-10604b5b84ce');
/*养生表*/
insert into health values('e5f90e69-f473-11e7-86b9-10604b5b84ce','药膳养生');
insert into health values('e5f96d6d-f473-11e7-86b9-10604b5b84ce','药浴养生');
insert into health values('e5f9c4e2-f473-11e7-86b9-10604b5b84ce','药茶养生');
insert into health values('e5fa1bfe-f473-11e7-86b9-10604b5b84ce','运动养生');
/*药膳分类表*/
insert into md_sort values('5b9992c5-f46f-11e7-86b9-10604b5b84ce','养生保健延寿类'); 
insert into md_sort values('5b9d8278-f46f-11e7-86b9-10604b5b84ce','美容美发类'); 
insert into md_sort values('5b9de366-f46f-11e7-86b9-10604b5b84ce','祛邪治病类'); 
insert into md_sort values('5b9e4f3d-f46f-11e7-86b9-10604b5b84ce','疾病康复类'); 
/*药膳表*/
insert into diet values('e5f90e69-f473-11e7-86b9-10604b5b84ce','十全大补汤','鸡肉,鸭肉，墨鱼，鹅肉，猪肚，猪排骨，大枣 冬笋 白术 云苓 党参 黄芪 白芍 熟地等','1.将鸡、鸭、鹅、肚、排骨、肘子剁成核桃块，同冬笋、墨鱼肉一起放入砂锅内。把党参、红枣、花生米用纱布包好，再把花椒、大料用纱布包好，其余九种药料也用纱布包好，三个包都放入砂锅内，加入清水（50克）、葱、姜、蒜、酱油，砂锅上旺火烧开去浮沫，加入盐、料酒改小火炖至熟烂，约1.5小时。2.捞出调料和药料包，把党参，花生米、大枣拆包后再放回砂锅内搅匀，其余药料、调料不要，去净葱、姜、入味精、香油，用紫砂锅装上桌。','5b9992c5-f46f-11e7-86b9-10604b5b84ce','“十全大补汤”选鲜料加入十味中药，五味小料，五味调料，细火炖制而成，既是一道咸鲜味浓的汤菜，又是一款药膳，富有营养，滋补身体，久食对冠心病、高血压、糖尿病、贫血、气喘、面黄体弱者有一定的疗效。','C:\projects\wechatCMFStandard\app\Resources\views\image','《宋·太平惠民和剂局方》卷五方之十全大补汤治男子、妇人诸虚不足，五劳七伤，不进饮食，久病虚损，时发潮热，气攻骨脊，拘急疼痛，夜梦遗精，面色萎黄，脚膝无力，一切病后气不如旧，忧愁思虑伤动血气，喘嗽中满，脾肾气弱，五心烦闷，并皆治之。此药性温不热，平补有效，养气育神，醒脾止渴，顺正辟邪，温暖脾肾，其效不可具述。',null,'e5f90e69-f473-11e7-86b9-10604b5b84ce');
insert into diet values('9282227d-f476-11e7-86b9-10604b5b84ce','笋烧海参','主料是水发海参','水发海参200克切长条，与鲜笋或水发笋100克切片同入锅，加瘦肉一起煨熟，加入盐、味精、糖、酒，勾芡后食用。海参滋阴养血，竹笋清内热。综合生效使皮肤细腻光润。','5b9d8278-f46f-11e7-86b9-10604b5b84ce','笋烧海参是一道美食，制作原料有海参 。','C:\projects\wechatCMFStandard\app\Resources\views\image',null,null,'e5f90e69-f473-11e7-86b9-10604b5b84ce');
insert into diet values('9285a571-f476-11e7-86b9-10604b5b84ce','当归生姜羊肉汤','当归三两（9g），生姜五两（15g），羊肉一斤（500g）。','上三味，以水八升，煮取三升，温服七合，日三服。','5b9de366-f46f-11e7-86b9-10604b5b84ce','当归生姜羊肉汤，中医方剂名。出自《金匮要略》卷上，具有温中补虚，祛寒止痛之功效。主治寒疝腹中痛及胁痛里急者；产后腹中㽲痛，腹中寒疝，虚劳不足。','C:\projects\wechatCMFStandard\app\Resources\views\image','温中补虚，祛寒止痛。','1、阴虚火旺，或肝经郁火治病者不宜。2、关于当归生姜羊肉汤的制服法，亦可以先诸羊肉，以羊肉汤煎当归、生姜，然去归、姜而服食羊肉汤，刺药膳之法。','e5f90e69-f473-11e7-86b9-10604b5b84ce');
insert into diet values('73e3d473-f477-11e7-86b9-10604b5b84ce','当归鸡','肥嫩母鸡1 只、姜片、当归、料酒等','1. 将当归洗刷干净，切为薄片待用。2. 将鸡宰杀、煺毛，除去内脏，剁去爪、嘴，用清水冲洗干净，投入开水锅里氽透断血，洗净血污。3. 将鸡放入锅内，注人清水2 公斤，用旺火烧开。在开锅前，打净血污，加入当归、食盐、葱、姜、料酒，改小火，炖至酥烂时出锅，盛人垫有当归枝叶的汤盆内，随即拣去姜、葱、当归。4. 炒勺置火上，注入鸡汤1 公斤烧开，调人食盐、味精，淋香油，浇鸡身上即成。','5b9de366-f46f-11e7-86b9-10604b5b84ce','当归鸡是一道色香味俱全的传统名肴，属于陕西菜。以肥嫩母鸡为主料，中药材当归为辅料，再加调味品烹制成的风味食品。它不仅是食疗进补食品，也蕴含着对亲人的思念，当归！当归！','C:\projects\wechatCMFStandard\app\Resources\views\image','补血活血，调经止痛、润肠通便。用于血虚萎黄，眩晕心悸，月经不调，经闭痛经，虚寒腹痛，肠燥便秘，风湿痹痛，跌扑损伤，痈疽疮疡。',null,'e5f90e69-f473-11e7-86b9-10604b5b84ce');
insert into diet values('de39e94a-f477-11e7-86b9-10604b5b84ce','瓜蒌饼','瓜蒌200克、面粉600克、白糖75克、清水适量。','瓜蒌去籽，放在锅内，加水少许，加白糖100克，以小火煨熬，拌成馅。另取面粉750克，加水适量经发酵加面碱，揉成面片，把瓜蒌夹在面片中制成面饼，烙熟或蒸熟。','5b9de366-f46f-11e7-86b9-10604b5b84ce','瓜蒌饼是一道美食，制作原料主要有瓜蒌、面粉、白糖、清水。','C:\projects\wechatCMFStandard\app\Resources\views\image',null,null,'e5f90e69-f473-11e7-86b9-10604b5b84ce');
/*药浴分类*/
insert into bath_sort values('e1f2ca37-f470-11e7-86b9-10604b5b84ce','全身浴');
insert into bath_sort values('e1f82500-f470-11e7-86b9-10604b5b84ce','坐浴');
insert into bath_sort values('e1f88859-f470-11e7-86b9-10604b5b84ce','足浴');
insert into bath_sort values('e1f8e6c6-f470-11e7-86b9-10604b5b84ce','瑶浴');
insert into bath_sort values('e1f93667-f470-11e7-86b9-10604b5b84ce','苗浴');
insert into bath_sort values('e1f98a24-f470-11e7-86b9-10604b5b84ce','藏浴');
/*药浴表*/
insert into bath values('237351b2-f4e3-11e7-8a40-10604b5b84ce','花椒水泡脚祛湿散寒','一个棉布包50克花椒','加水煮开花椒包后用这个水泡脚即可','温中止痛、祛湿散寒,花椒还是一种天然的消毒剂，用花椒水泡脚还能帮助治疗脚气。','e5f96d6d-f473-11e7-86b9-10604b5b84ce','e1f88859-f470-11e7-86b9-10604b5b84ce',null); 
insert into bath values('2376d10c-f4e3-11e7-8a40-10604b5b84ce','五枝药浴','槐枝、桃枝、柳枝、桑枝、麻叶','煎汤洗浴','调养血脉，疏导风气','e5f96d6d-f473-11e7-86b9-10604b5b84ce','e1f2ca37-f470-11e7-86b9-10604b5b84ce',null);
insert into bath values('23777eed-f4e3-11e7-8a40-10604b5b84ce','白芷木香药浴','白芷、木香、桃皮','煎洗洗浴','香体、祛风行气、通经活络','e5f96d6d-f473-11e7-86b9-10604b5b84ce','e1f88859-f470-11e7-86b9-10604b5b84ce',null);
insert into bath values('a7e34c6b-f4e3-11e7-8a40-10604b5b84ce','五味甘露药浴','采用圆柏叶、黄花杜鹃叶各五份，水柏枝、麻黄各2份、丛生亚菊3份，以上5味为主药，每份之量以一斤以上为佳。','将上药入锅，加满清水煎煮，约烧至半锅时，取出清汁，锅中药法再加满清水，重复煎煮，待烧至2∕3时，再次取出药汁，复加满清水煎煮，待于至7∕10时，用筛滤去药渣，将3次药汁合并，即可应用。','清热祛风，除湿通痹。','e5f96d6d-f473-11e7-86b9-10604b5b84ce','e1f98a24-f470-11e7-86b9-10604b5b84ce','妇女在妊娠期间及月经期禁浴。');
insert into bath values('a7e39bcc-f4e3-11e7-8a40-10604b5b84ce','艾叶生姜药浴','艾叶25~50g，生姜25g，精盐适量。','沸水浸泡生姜片和艾叶5~10 分钟，兑入浴缸的温水中，待水温适宜后进行洗浴。','温阳通络散寒，治疗各种阳虚寒症。','e5f96d6d-f473-11e7-86b9-10604b5b84ce','e1f2ca37-f470-11e7-86b9-10604b5b84ce','多喝水，切忌过食生冷、油腻之品。');
/*药茶*/
insert into tea values('33042358-f4e9-11e7-8a40-10604b5b84ce','清咽茶','长寿藤、银花、玄参、青果各9克。上药水煎，取汁。','养阴清热，解毒利咽',null,'e5f9c4e2-f473-11e7-86b9-10604b5b84ce');
insert into tea values('33063214-f4e9-11e7-8a40-10604b5b84ce','大麦茶','大麦粉7千克 茶叶粉3千克 天然香料100克（注意，原文未提供是什么香料） 牛骨粉50克。1.清洗去石：最好先将大麦洗净，除去其中杂物、石子砂粒等再晾干或晒干。2.焙炒：工厂里是用焙炒机焙炒，家庭中可用文火在干净锅中翻炒，直到表皮焦黄为止。焙炒时必需均匀，用力适当，使大麦粒中的水分均匀逐渐地蒸发，能够压碎就行。3.粉碎：这里所指粉碎包括大麦粒和茶叶两种的粉碎。就是说要用石臼或其它方法分别将大麦粒和茶叶逐渐压成粉状。4.过筛：用粗筛将大麦粉中的表皮筛出。5.混合：将大麦粉和茶叶粉按比例混合。注意大麦和茶叶的农药残留量必须限制在允许的最小范围。6.配料：一般在麦和茶的混合粉中加入天然香料和牛骨粉。牛骨要用锤(工厂用锤式粉碎机)粉碎，并且筛成300～500目 的粉末，才能进行混合使用。7.再过筛：最好再用细筛过一次，以保证饮用时的质量8.包装：筛后包装，即为成品。','消温解毒，健脾瘦身，清热解暑,去腥膻，去油腻，助消化，润肤乌发。','1、湿热或食积引起的脘闷腹胀忌用。2、习惯性便秘患者，肝、肾病患者，高血压及心脏病患者忌用。3、大麦有回奶作用，哺乳期的女性不宜饮用。','e5f9c4e2-f473-11e7-86b9-10604b5b84ce');
insert into tea values('33069360-f4e9-11e7-8a40-10604b5b84ce','荔枝茶','荔枝数枚，绿茶少许。荔枝连皮泡入盐水中，放入冰箱冰镇3~4小时，取出后去皮，取绿茶少许冲泡。','改善肝功能，促进身体排毒。','不建议过多饮用','e5f9c4e2-f473-11e7-86b9-10604b5b84ce');
insert into tea values('3306edba-f4e9-11e7-8a40-10604b5b84ce','绿茶','用80℃~85℃水冲泡，冲泡时间为2~3分钟，现泡现饮。','醒脑提神，利尿解乏，缓解疲劳，抗衰老',null,'e5f9c4e2-f473-11e7-86b9-10604b5b84ce');
insert into tea values('330742a8-f4e9-11e7-8a40-10604b5b84ce','菊花茶','泡饮菊花茶时，最好用透明的玻璃杯，每次放上四、五粒，再用沸水冲泡2-3分钟即可。','散风清热、清肝明目和解毒消炎等','1、隔夜菊花茶茶里含有的绿原酸，在空气中就会氧化而变绿，这时茶就已经变性了不能饮用了。2、菊花会引起过敏性结膜炎。3、脾胃虚寒不宜饮用。4、阳虚体质的不宜。','e5f9c4e2-f473-11e7-86b9-10604b5b84ce');


